## MySQL Commands

## MySQL
> Connecting to Mysql Localhost with User Root and password
```bash
Attacker@xxx[/xxx]$ mysql -u root -p

Enter password: <password>
...SNIP...

mysql> 
```
> Connecting to Mysql using -h for the host and -P for the port with User Root and password
```bash
AdrianoInghihwg@htb[/htb]$ mysql -u root -h docker.hackthebox.eu -P 3306 -p 

Enter password: 
...SNIP...

mysql> 
```

> Show tables and then Slect * from X to get the results
```sql
MariaDB [employees]> show tables;
+----------------------+
| Tables_in_employees  |
+----------------------+
| current_dept_emp     |
| departments          |
| dept_emp             |
| dept_emp_latest_date |
| dept_manager         |
| employees            |
| salaries             |
| titles               |
+----------------------+
8 rows in set (0.002 sec)

MariaDB [employees]> select * from departments;
+---------+--------------------+
| dept_no | dept_name          |
+---------+--------------------+
| d009    | Customer Service   |
| d005    | Development        |
| d002    | Finance            |
| d003    | Human Resources    |
| d001    | Marketing          |
| d004    | Production         |
| d006    | Quality Management |
| d008    | Research           |
| d007    | Sales              |
+---------+--------------------+
9 rows in set (0.003 sec)
```
### Sort Results

> Show all databases and select one with "USE <database>;"
```sql
mysql> SHOW DATABASES;

+--------------------+
| Database           |
+--------------------+
| information_schema |
| mysql              |
| performance_schema |
| sys                |
| users              |
+--------------------+

mysql> USE users;

Database changed
```

> Show all tables;
```sql
mysql> SHOW TABLES;

+-----------------+
| Tables_in_users |
+-----------------+
| logins          |
+-----------------+
1 row in set (0.00 sec)
```
> List the table structure
```sql
mysql> DESCRIBE logins;

+-----------------+--------------+
| Field           | Type         |
+-----------------+--------------+
| id              | int          |
| username        | varchar(100) |
| password        | varchar(100) |
| date_of_joining | date         |
+-----------------+--------------+
4 rows in set (0.00 sec)
```

> We can sort the results of any query using ORDER BY and specifying the column to sort by:

```sql  
mysql> SELECT * FROM logins ORDER BY password;

+----+---------------+------------+---------------------+
| id | username      | password   | date_of_joining     |
+----+---------------+------------+---------------------+
|  2 | administrator | adm1n_p@ss | 2020-07-02 11:30:50 |
|  3 | john          | john123!   | 2020-07-02 11:47:16 |
|  1 | admin         | p@ssw0rd   | 2020-07-02 00:00:00 |
|  4 | tom           | tom123!    | 2020-07-02 11:47:16 |
+----+---------------+------------+---------------------+
4 rows in set (0.00 sec)
```
> By default, the sort is done in ascending order, but we can also sort the results by ASC or DESC:

```sql  
mysql> SELECT * FROM logins ORDER BY password DESC;

+----+---------------+------------+---------------------+
| id | username      | password   | date_of_joining     |
+----+---------------+------------+---------------------+
|  4 | tom           | tom123!    | 2020-07-02 11:47:16 |
|  1 | admin         | p@ssw0rd   | 2020-07-02 00:00:00 |
|  3 | john          | john123!   | 2020-07-02 11:47:16 |
|  2 | administrator | adm1n_p@ss | 2020-07-02 11:30:50 |
+----+---------------+------------+---------------------+
4 rows in set (0.00 sec)
```
> It is also possible to sort by multiple columns, to have a secondary sort for duplicate values in one column:

```sql  
mysql> SELECT * FROM logins ORDER BY password DESC, id ASC;

+----+---------------+-----------------+---------------------+
| id | username      | password        | date_of_joining     |
+----+---------------+-----------------+---------------------+
|  1 | admin         | p@ssw0rd        | 2020-07-02 00:00:00 |
|  2 | administrator | change_password | 2020-07-02 11:30:50 |
|  3 | john          | change_password | 2020-07-02 11:47:16 |
|  4 | tom           | change_password | 2020-07-02 11:50:20 |
+----+---------------+-----------------+---------------------+
4 rows in set (0.00 sec)
```

> Limit results to X
```sql
mysql> SELECT * FROM logins LIMIT 2;

+----+---------------+------------+---------------------+
| id | username      | password   | date_of_joining     |
+----+---------------+------------+---------------------+
|  1 | admin         | p@ssw0rd   | 2020-07-02 00:00:00 |
|  2 | administrator | adm1n_p@ss | 2020-07-02 11:30:50 |
+----+---------------+------------+---------------------+
2 rows in set (0.00 sec)
```
